angry,annoyed,irritated,enraged,infuriated,irked,mad,incensed
3.388888889,1.944444444,2.444444444,4.722222222,4.555555556,1.833333333,2.888888889,3.222222222