depressed,sad,unhappy,heartbroken,dejected,miserable,displeased
4.388888889,2.555555556,1.944444444,4.333333333,3.444444444,4.222222222,1.388888889